{"_wandb": {"runtime": 26}, "d_loss": 2.050715446472168, "lr": 5e-06, "_timestamp": 1722231014.3438163, "_runtime": 20.724146366119385, "_step": 1}