{"d_loss": 2.0347511768341064, "lr": 5e-06, "_timestamp": 1722231501.6315053, "_runtime": 47.69069719314575, "_step": 6, "loss_cm": 0.007163532078266144, "g_loss": 0.10245256870985031}