{"_wandb": {"runtime": 29}, "d_loss": 2.0513315200805664, "lr": 5e-06, "_timestamp": 1722231324.6738272, "_runtime": 25.19683027267456, "_step": 1}