{"d_loss": 2.0108304023742676, "lr": 5e-06, "_timestamp": 1722712399.2141662, "_runtime": 85.12562417984009, "_step": 4, "loss_cm": 0.011500626802444458, "g_loss": 0.09837553650140762}