{"_wandb": {"runtime": 846}, "d_loss": 2.0341029167175293, "lr": 5e-06, "_timestamp": 1722469131.2997577, "_runtime": 837.870632648468, "_step": 1}