{"d_loss": 1.9285515546798706, "lr": 5e-06, "_timestamp": 1722724348.8762293, "_runtime": 100.71934723854065, "_step": 41, "loss_cm": 0.5113847851753235, "g_loss": 0.12165617942810059}