{"d_loss": 1.921128749847412, "lr": 5e-06, "_timestamp": 1722724918.5059752, "_runtime": 50.3557813167572, "_step": 20, "loss_cm": 0.38024763762950897, "g_loss": 0.09319914877414703, "_wandb": {"runtime": 51}}