{"d_loss": 1.8135703802108765, "lr": 5e-06, "_timestamp": 1722233825.008494, "_runtime": 36.97021698951721, "_step": 5, "loss_cm": 0.6120014190673828, "g_loss": 0.12954199314117432, "_wandb": {"runtime": 40}}